,Categorias
0,Chicken Wings
1,Ski resort
2,Catering food and drink supplier
3,Hot Pot
4,Sri Lankan
5,Dog cafe
6,Cutlery store
7,Burrito restaurant
8,Wine club
9,Vitamins & Supplements
10,Brewery
11,Mobile caterer
12,Window installation service
13,Basque
14,Tea store
15,Specialty Food
16,Auto repair shop
17,Pan Asian
18,Children's party service
19,Pet friendly accommodation
20,Chilean restaurant
21,Resorts
22,Pan-Latin restaurant
23,Candy Stores
24,American (Traditional)
25,Sukiyaki and Shabu Shabu restaurant
26,Empanadas
27,Wedding Chapels
28,Mexican torta restaurant
29,Peruvian restaurant
30,Gourmet grocery store
31,Pakistani restaurant
32,Peruvian
33,Irish Pub
34,Cuban restaurant
35,Vaporizer store
36,Volleyball court
37,Food Trucks
38,Asian Fusion
39,Movie theater
40,Takeout Restaurant
41,Butcher
42,Wellness program
43,Cooking Classes
44,Electric vehicle charging station
45,Dog trainer
46,Soul Food
47,Seafood
48,Pie shop
49,Party equipment rental service
50,Fine dining restaurant
51,General store
52,Pan-Asian restaurant
53,Japanese restaurant
54,Mexican grocery store
55,Massage
56,Sunroom contractor
57,Amusement center
58,Pho restaurant
59,Vegetarian
60,Home improvement store
61,East African restaurant
62,Nepalese restaurant
63,Active Life
64,Dominican
65,Chinese takeaway
66,Florists
67,Tacos
68,Hotels
69,Dinner theater
70,Brewing Supplies
71,Watches
72,Fitness & Instruction
73,Association or organization
74,Pastry shop
75,Sailing school
76,Pet Services
77,Pasta Shops
78,Polish
79,Chinese language instructor
80,Argentine
81,Teppanyaki
82,Books
83,Vegan
84,Canadian (New)
85,Whiskey Bars
86,Country food restaurant
87,Store
88,American restaurant
89,Tabletop Games
90,Farms
91,Indonesian restaurant
92,South African
93,Cinema
94,Music & Video
95,Coffee wholesaler
96,Arcades
97,Cooking Schools
98,Pretzel store
99,Frozen dessert supplier
100,Food products supplier
101,Golf course
102,Salvadoran
103,Taiwanese
104,Car Wash
105,Commercial refrigerator supplier
106,Beauty & Spas
107,CrÃªperie
108,Conference center
109,Paint & Sip
110,Dim sum restaurant
111,Lounges
112,Awning supplier
113,Indoor golf course
114,Hot dog restaurant
115,Adult
116,Performing Arts
117,Cupcakes
118,Moroccan
119,Vegetarian restaurant
120,Delicatessen
121,Golf instructor
122,Nutritionists
123,Farmers' market
124,Diners
125,Meat packer
126,Izakaya
127,Beer
128,Party & Event Planning
129,Adult Entertainment
130,Puerto Rican restaurant
131,Indoor playground
132,Dumplings
133,Marina
134,Golf
135,New American restaurant
136,Live music venue
137,Bagels
138,Art Classes
139,Wholesalers
140,ATM
141,Portuguese
142,Sandwich shop
143,Wedding Planning
144,Pet Adoption
145,Fresh food market
146,Moroccan restaurant
147,Meal delivery
148,French restaurant
149,Brunch restaurant
150,Pretzels
151,Gift Shops
152,Gay night club
153,Southern restaurant (US)
154,Children's amusement center
155,Hunting & Fishing Supplies
156,Cambodian
157,Wine store
158,Traditional American restaurant
159,Shanghainese
160,Dim Sum
161,Small plates restaurant
162,High ropes course
163,Live/Raw Food
164,Casino
165,Spanish
166,Bar Crawl
167,Entertainer
168,Paddleboarding
169,Brasseries
170,Fondue
171,Latin American restaurant
172,Pub
173,Tiki Bars
174,Delivery Restaurant
175,Middle Eastern
176,Greek
177,Ethiopian
178,Live music bar
179,Imported Food
180,Karaoke
181,Buffets
182,Bistros
183,Fish & chips restaurant
184,Hot pot restaurant
185,Kebab
186,Korean barbecue restaurant
187,Produce market
188,Home Organization
189,Festivals
190,Jazz & Blues
191,Dance restaurant
192,Gastropub
193,Soup kitchen
194,Fashion
195,Seafood restaurant
196,Hardware Stores
197,Swimming pool
198,Fried chicken takeaway
199,Mexican
200,Trinidadian
201,Pizza restaurant
202,Cideries
203,Butcher shop deli
204,Gas Stations
205,Herb shop
206,Cookie shop
207,Southern
208,German restaurant
209,Soup restaurant
210,Dance Clubs
211,Sushi restaurant
212,Beer store
213,Industrial supermarket
214,Snack bar
215,Community Service/Non-Profit
216,Tea house
217,Butcher shop
218,Contractors
219,Sports Bars
220,Japanese
221,Gift shop
222,Souvenir Shops
223,Supermarket
224,CSA
225,Halal
226,Creperies
227,British restaurant
228,Gelato
229,Colombian
230,African restaurant
231,Gun/Rifle Ranges
232,Caterer
233,Food and drink
234,Car wash
235,Asian grocery store
236,German
237,Beer Bar
238,Tennis
239,Special Education
240,New Mexican Cuisine
241,Cocktail bar
242,Food producer
243,Health food store
244,Japanese language instructor
245,Country Dance Halls
246,Cafeteria
247,Gambling house
248,Grocery
249,Ice cream shop
250,Grilling Equipment
251,Money order service
252,Manufacturer
253,Donuts
254,Public Services & Government
255,Seafood Markets
256,Uzbek
257,Acai Bowls
258,Hawaiian
259,Beer Tours
260,Food Delivery Services
261,Bakery
262,Indoor Playcentre
263,Golf Lessons
264,Egyptian
265,Motel
266,Tex-Mex
267,Soft drinks shop
268,Food Stands
269,Yelp Events
270,Wine & Spirits
271,Fish and chips takeaway
272,Wine Tours
273,Comedy Clubs
274,Organic Stores
275,Smokehouse
276,Donairs
277,Kombucha
278,Home goods store
279,Delivery Chinese restaurant
280,Convenience Stores
281,Greek restaurant
282,European restaurant
283,Laotian restaurant
284,Parkour spot
285,Comedy club
286,Fuel supplier
287,French
288,Home Services
289,Market
290,Playgrounds
291,Wedding bakery
292,Diner
293,Dessert restaurant
294,Mexican goods store
295,Automotive
296,Farmers Market
297,Photography Stores & Services
298,Restaurant or cafe
299,Gluten-Free
300,Malaysian
301,Breweries
302,South Asian restaurant
303,Irish
304,Breakfast restaurant
305,Health food restaurant
306,Recycling Center
307,Eastern European restaurant
308,Professional Services
309,Liquor store
310,Fish & Chips
311,Tapas Bars
312,Chicken restaurant
313,Bed & Breakfast
314,Food service
315,Mags
316,Venues & Event Spaces
317,Cheesesteak restaurant
318,Persian restaurant
319,Piano Bars
320,Chinese restaurant
321,Social Clubs
322,Public golf course
323,Pet groomer
324,Auto Parts & Supplies
325,Ice supplier
326,Nicaraguan
327,Fast food restaurant
328,International
329,Educational Services
330,Vegan restaurant
331,Speakeasies
332,Asian fusion restaurant
333,Appliance store
334,Electronics
335,Mattresses
336,Recording & Rehearsal Studios
337,Diesel fuel supplier
338,Self Storage
339,Polynesian restaurant
340,Bars
341,Soup
342,Men's Clothing
343,Specialty Schools
344,Amusement Parks
345,Security Systems
346,Gyro restaurant
347,Education
348,Art gallery
349,Colombian restaurant
350,Barbecue restaurant
351,Tasting Classes
352,Indian restaurant
353,Pool hall
354,Food Court
355,Pets
356,Building Supplies
357,IT Services & Computer Repair
358,Home & Garden
359,Pancakes
360,Bistro
361,Tourist attraction
362,Outdoor Gear
363,Skin Care
364,Organic restaurant
365,Southeast Asian restaurant
366,Janitorial equipment supplier
367,Ethiopian restaurant
368,Ramen restaurant
369,Cupcake shop
370,Local Flavor
371,Bar
372,Performing arts theater
373,Food Tours
374,Indian
375,Museums
376,Party planner
377,Fugu restaurant
378,Native American restaurant
379,Mini Golf
380,Teppanyaki restaurant
381,Health Markets
382,Scandinavian
383,British
384,Brewpubs
385,Food court
386,Plumbing
387,Sports nutrition store
388,Kosher restaurant
389,Pizza
390,Nightlife
391,Rock climbing gym
392,Poutineries
393,Personal Shopping
394,Modern European restaurant
395,Hoagie restaurant
396,Japanese curry restaurant
397,Bakeries
398,Adventure sports center
399,Pizza takeaway
400,Indian Muslim restaurant
401,Hotels & Travel
402,Hair Salons
403,Party Equipment Rentals
404,Frozen yogurt shop
405,Propane supplier
406,Ethnic Food
407,Entertainment
408,Internet service provider
409,Tamale shop
410,Persian/Iranian
411,Siding contractor
412,Sardinian
413,Beer garden
414,Takeout restaurant
415,Courier service
416,Real Estate
417,Cajun/Creole
418,Macarons
419,Bait shop
420,Mediterranean restaurant
421,Caterers
422,Event Planning & Services
423,Laotian
424,Event planner
425,Window supplier
426,Pet Stores
427,Indian grocery store
428,Lunch restaurant
429,International Grocery
430,Halal restaurant
431,Sports bar
432,Linens store
433,Beer Gardens
434,Cafes
435,Wedding buffet
436,Food broker
437,Ethnic Grocery
438,Poke bar
439,Chicken wings restaurant
440,Food manufacturer
441,Flowers & Gifts
442,Bulgarian restaurant
443,Wholesale grocer
444,Pubs
445,Jewelry
446,Pool & Billiards
447,Adult entertainment club
448,Non-profit organization
449,Hong Kong Style Cafe
450,Wi-Fi spot
451,Coffee Roasteries
452,Soul food restaurant
453,Spanish restaurant
454,Drugstores
455,Soup shop
456,Oyster bar restaurant
457,Wholesale bakery
458,Swimming pool contractor
459,Candy store
460,Do-It-Yourself Food
461,Ramen
462,Dive Bars
463,Night club
464,Massage spa
465,Food
466,Furniture Stores
467,Rest Stops
468,Russian
469,Shopping
470,Bar & grill
471,Japanese Curry
472,Golf club
473,Southwestern restaurant (US)
474,African
475,Pacific Rim restaurant
476,Service establishment
477,Authentic Japanese restaurant
478,Wine Tasting Room
479,Restaurant
480,Cheese Shops
481,Restaurant Supplies
482,Eclectic restaurant
483,Caribbean restaurant
484,Winery
485,Ice Delivery
486,Auto Customization
487,Mongolian
488,Sports Clubs
489,Food bank
490,Lounge
491,Box lunch supplier
492,Wedding service
493,Mexican restaurant
494,Car repair and maintenance
495,Fruits & Veggies
496,Lebanese restaurant
497,Rice restaurant
498,Country club
499,Kosher grocery store
500,Appliances
501,Barbeque
502,Conveyor belt sushi restaurant
503,Herbal Shops
504,Baking supply store
505,Department Stores
506,Biryani restaurant
507,Lebanese
508,Hunting club
509,Used appliance store
510,Coffee store
511,Escape Games
512,Wineries
513,Sicilian
514,Gas station
515,Computer repair service
516,Italian
517,Bookstores
518,Iberian
519,Down home cooking restaurant
520,Filipino restaurant
521,Udon noodle restaurant
522,Themed Cafes
523,Ice Cream & Frozen Yogurt
524,Patisserie/Cake Shop
525,Colleges & Universities
526,Donut shop
527,Grocery store
528,Perfume
529,Laser tag center
530,Arabic
531,Gay Bars
532,Buffet restaurant
533,Salad shop
534,Espresso bar
535,Korean restaurant
536,Wine Tasting Classes
537,Korean
538,Cafe
539,Corporate entertainment service
540,Apartments
541,Newspapers & Magazines
542,Party Supplies
543,Dance hall
544,Pasta shop
545,Dessert shop
546,Organic food store
547,Vietnamese restaurant
548,Breakfast & Brunch
549,Car Dealers
550,Vape Shops
551,Haitian
552,Family restaurant
553,Juice Bars & Smoothies
554,Conveyor Belt Sushi
555,Californian restaurant
556,Coffee & Tea
557,Casinos
558,Seafood market
559,Thai
560,Noodle shop
561,Cocktail Bars
562,Wraps
563,Karaoke bar
564,Honduran restaurant
565,Self service car wash
566,Internet cafe
567,Western apparel store
568,Ethnic restaurant
569,Comfort Food
570,Asian restaurant
571,Sushi takeaway
572,Truck repair shop
573,Chinese
574,Syokudo and Teishoku restaurant
575,Chocolate shop
576,Deli
577,Weight Loss Centers
578,Event venue
579,Bagel shop
580,Yoga
581,Countertop Installation
582,Herbs & Spices
583,Dumpling restaurant
584,Campground
585,Truck stop
586,Bowling supply shop
587,Post office
588,Tobacco shop
589,Vietnamese
590,Antique store
591,Day Spas
592,Tapas bar
593,Elementary Schools
594,Chocolatiers & Shops
595,Oil change service
596,Creole restaurant
597,Tobacco Shops
598,Tours
599,Coffee roasters
600,Falafel
601,Hawaiian restaurant
602,Salvadoran restaurant
603,Bowling
604,Cake shop
605,Patio enclosure supplier
606,Venezuelan
607,Arts & Entertainment
608,Noodles
609,Transportation
610,Tapas/Small Plates
611,Pizza Takeout
612,Steakhouses
613,Pop-Up Restaurants
614,Wine Bars
615,Tea Rooms
616,Australian
617,Hookah bar
618,Resort hotel
619,Pet Photography
620,Sushi Bars
621,Turkish restaurant
622,Belgian restaurant
623,Waffles
624,Hot Dogs
625,Turkish
626,Movers
627,Bike Rentals
628,Auto Repair
629,Delivery service
630,Shaved Snow
631,Bowling alley
632,Restaurants
633,Hong Kong style fast food restaurant
634,Wine bar
635,Salad
636,Syrian
637,Mass Media
638,Local Services
639,Wedding venue
640,Tennis court
641,Lottery retailer
642,Restaurant supply store
643,Banks & Credit Unions
644,Puerto Rican
645,Arts & Crafts
646,Irish restaurant
647,Austrian
648,Guns & Ammo
649,Desserts
650,American (New)
651,University
652,Hotel
653,Meat processor
654,Public Markets
655,Vitamin & supplements store
656,Czech
657,Historical Tours
658,Somali
659,Pet store
660,Club
661,Fast Food
662,Vegetarian cafe and deli
663,Golf driving range
664,Alternative fuel station
665,Szechuan
666,Honduran
667,Dog park
668,Irish pub
669,Wellness center
670,Sweets and dessert buffet
671,Gyms
672,Tree Services
673,Financial Services
674,Delis
675,Cigar Bars
676,Pool Halls
677,Tapas restaurant
678,Spa
679,Himalayan/Nepalese
680,Meat Shops
681,Propane
682,Armenian
683,Sichuan restaurant
684,Bartenders
685,Ukrainian
686,Beaches
687,Modern European
688,Beverage Store
689,Gastropubs
690,Repair service
691,BBQ area
692,Afghan
693,Cosmetics & Beauty Supply
694,Tuscan
695,Video arcade
696,Religious Items
697,Kids Activities
698,Grill
699,Drive-Thru Bars
700,Venezuelan restaurant
701,Cantonese
702,Champagne Bars
703,Italian grocery store
704,Hot dog stand
705,Chicken Shop
706,Function room facility
707,Dinner Theater
708,Steak house
709,Street Vendors
710,Check cashing service
711,Grill store
712,Internet Cafes
713,Home Cleaning
714,Dance club
715,Social services organization
716,Poultry farm
717,Junk Removal & Hauling
718,Herbal medicine store
719,Packaging supply store
720,Music Venues
721,Indoor lodging
722,Oriental
723,Brazilian restaurant
724,Continental restaurant
725,Barbers
726,Bubble Tea
727,Senegalese
728,Beer hall
729,Russian restaurant
730,Coffee shop
731,Cajun restaurant
732,Aromatherapy supply store
733,Trucking company
734,Playground
735,Business Consulting
736,Consultant
737,Sandwiches
738,Personal Chefs
739,Kebab shop
740,Tex-Mex restaurant
741,Burmese
742,Eatertainment
743,Farm
744,Distilleries
745,Italian restaurant
746,Health & Medical
747,Kitchen supply store
748,Self-catering accommodation
749,Art Galleries
750,Preschools
751,Catering
752,Latin American
753,Rafting/Kayaking
754,Shaved Ice
755,Juice shop
756,Jamaican restaurant
757,Carpet Cleaning
758,Brazilian
759,Mediterranean
760,Pet supply store
761,Money transfer service
762,Meat products
763,Cabaret
764,Bubble tea store
765,Pakistani
766,Crab house
767,Yacht club
768,Uniform store
769,Hookah Bars
770,Kosher
771,Middle Eastern restaurant
772,Banquet hall
773,Gluten-free restaurant
774,Cheesesteaks
775,Nurseries & Gardening
776,Shopping Centers
777,Taco restaurant
778,Golf shop
779,Poke
780,Argentinian restaurant
781,Hamburger restaurant
782,Caribbean
783,Landmarks & Historical Buildings
784,Brewpub
785,African goods store
786,Home Decor
787,Japanese steakhouse
788,Country Clubs
789,Sporting Goods
790,Belgian
791,Traditional restaurant
792,Nail Salons
793,Thai restaurant
794,Bangladeshi
795,Cuban
796,Women's Clothing
797,Izakaya restaurant
798,Filipino
799,Convenience store
800,Kitchen & Bath
801,Pizza delivery
802,Indonesian
803,Custom Cakes
804,Organic shop
805,Burgers
806,Hakka
807,Extended stay hotel
